LEVEL,PROMPT_ID,PROMPT_TEXT,SKILL_LEVEL,DOMAIN,SOURCE_TYPE,C1_SCORE,C2_SCORE,C3_SCORE (OUTPUT SPEC),C4_SCORE,C5_SCORE,C6_SCORE,FINAL_SCORE,JUSTIFICATION,STRENGTHS,GAPS,CHATGPT_SCORES,GEMINI_SCORES,CLAUDE_SCORES,KAPPA_FLAG,SCORE_SOURCE,STATUS,SOURCE_LOG_ID,DATASET_SPLIT
Weak,PELS-L1-EDU-001,explain math,Weak,EDU,synthetic,1,1,1,1,1,1,1.0,"Extremely vague with no topic, audience, format, or goal specified. Only two words with no usable context.",None. Minimal effort prompt.,"Missing subject, grade level, concept, format, and any constraint.","2,1,1,2,1,1","1,1,2,1,2,2","2,1,2,1,1,1",NO,auto_mean,approved,SL-001,train
Weak,PELS-L1-EDU-002,help with science,Weak,EDU,intern,1,1,1,1,1,1,1.0,Too broad to be actionable. Science covers thousands of fields and levels.,Attempts to name a domain.,"No topic, class level, goal, or format specified.","1,1,1,2,2,1","2,1,2,2,2,2","1,1,1,2,1,1",NO,auto_mean,approved,SL-002,train
Weak,PELS-L1-EDU-003,wat is photosynthsis,Weak,EDU,synthetic,2,1,1,1,1,1,1.15,Has a clear keyword but misspelled and lacks all structural elements.,Names a concept.,"No grade level, length, format, or audience defined.","1,2,1,1,1,1","1,1,1,1,1,1","2,1,2,1,1,2",NO,auto_mean,approved,SL-003,train
Weak,PELS-L1-EDU-004,tell me about history,Weak,EDU,intern,1,1,1,1,1,1,1.0,"History is vast; no period, region, or purpose is given. Entirely unusable as-is.",Domain hint present.,"No period, region, audience, format, or intent.","1,2,1,1,1,2","1,2,2,1,2,1","2,1,1,2,1,1",NO,auto_mean,approved,SL-004,train
Weak,PELS-L1-EDU-005,homework help plz,Weak,EDU,synthetic,1,1,1,1,1,1,1.0,"Reads like a text message with no subject, task, or detail. Cannot generate any useful response.",Urgent tone conveys need.,"No subject, grade, assignment type, or context.","1,1,1,1,1,1","2,1,1,1,1,1","2,1,2,2,2,1",NO,auto_mean,approved,SL-005,train
Weak,PELS-L1-EDU-006,explain newton,Weak,EDU,synthetic,2,1,1,1,1,1,1.15,"Names a person but unclear whether laws, biography, or a specific topic is meant.",References a known figure.,"Ambiguous topic, no grade, no format, no length.","3,2,1,2,2,1","1,1,1,1,2,2","3,1,2,1,1,1",NO,auto_mean,approved,SL-006,train
Weak,PELS-L1-EDU-007,how study?,Weak,EDU,intern,1,1,1,1,1,1,1.0,"Grammatically incomplete. No subject area, goal, or timeframe specified.",Implied intent to study.,"Grammar errors, no subject, no plan scope.","1,1,1,1,1,1","2,2,1,1,2,1","1,2,1,1,1,1",NO,auto_mean,approved,SL-007,train
Weak,PELS-L1-EDU-008,solve this,Weak,EDU,synthetic,1,1,1,1,1,1,1.0,Completely meaningless without attachment or context. Impossible to address.,Shows intent to get a solution.,"No problem, subject, level, or any usable context.","1,2,2,2,1,2","2,1,2,1,1,1","1,2,1,1,1,1",NO,auto_mean,approved,SL-008,train
Weak,PELS-L1-EDU-009,exam tips,Weak,EDU,intern,2,1,1,1,1,1,1.15,"Very short and unspecific. No exam name, subject, board, or student profile given.",Implies a concrete outcome need.,"No exam name, subject, strategy type, or audience.","1,2,1,2,1,2","1,1,1,2,1,2","2,2,1,2,2,1",NO,auto_mean,approved,SL-009,train
Weak,PELS-L1-EDU-010,make notes for me,Weak,EDU,synthetic,2,1,1,1,1,2,1.25,"Requests notes but omits the topic, format, length, and level entirely.",Task direction is clear.,"No topic, subject, grade, or note format mentioned.","3,2,1,2,1,1","2,1,1,1,1,3","3,1,2,1,2,1",NO,auto_mean,approved,SL-010,train
Weak,PELS-L1-EDU-011,chemistry doubts,Weak,EDU,synthetic,2,1,1,1,1,1,1.15,"Names a subject but provides no concept, chapter, or specific question.",Subject area identified.,"No concept, no question, no class level or board.","3,1,2,2,2,1","1,1,1,2,2,1","3,1,1,1,1,1",NO,auto_mean,approved,SL-011,train
Weak,PELS-L1-EDU-012,explain physics,Weak,EDU,intern,1,1,1,1,1,1,1.0,Physics is enormous; zero scope given. Indistinguishable from no prompt.,Domain name present.,"No topic, chapter, class, or format specified.","1,1,1,1,2,1","1,2,1,1,2,1","1,2,1,2,1,1",NO,auto_mean,approved,SL-012,train
Weak,PELS-L1-EDU-013,i dont understand trigonometry,Weak,EDU,synthetic,2,2,1,1,1,1,1.35,States confusion but doesn't pinpoint the concept or ask a specific question.,Shows a genuine learning struggle.,"No specific concept, no chapter, no format requested.","3,3,1,1,2,2","3,1,2,1,1,2","3,2,1,2,1,1",NO,auto_mean,approved,SL-013,train
Weak,PELS-L1-EDU-014,write essay,Weak,EDU,intern,2,1,1,1,1,1,1.15,"Only two words. Topic, length, audience, and purpose are all absent.",Task type mentioned.,"No topic, word count, audience, or purpose.","1,1,1,1,1,2","3,1,2,1,1,1","3,2,1,1,1,1",NO,auto_mean,approved,SL-014,train
Weak,PELS-L1-EDU-015,teach me english,Weak,EDU,synthetic,1,1,1,1,1,1,1.0,English language learning has countless dimensions; nothing is scoped here.,Subject named.,"No skill (grammar/reading/writing), level, or goal.","1,1,2,1,1,2","1,1,2,1,2,2","2,1,1,1,1,1",NO,auto_mean,approved,SL-015,train
Weak,PELS-L1-EDU-016,biology notes,Weak,EDU,synthetic,2,1,1,1,2,1,1.3,"Requests notes but gives no chapter, class, board, or preferred format.",Subject area is clear.,"No chapter, grade, board, or structure specified.","1,1,2,1,2,1","2,1,2,1,3,2","3,1,1,1,3,1",NO,auto_mean,approved,SL-016,train
Weak,PELS-L1-EDU-017,help exam,Weak,EDU,intern,1,1,1,1,1,1,1.0,"Grammatically broken and totally vague. No exam, subject, or need articulated.",Intent exists though poorly expressed.,"Grammar errors, missing all useful context.","1,1,1,1,2,1","1,1,1,1,1,1","1,1,2,1,1,2",NO,auto_mean,approved,SL-017,train
Weak,PELS-L1-EDU-018,what is derivative,Weak,EDU,synthetic,2,2,1,2,1,1,1.55,"Names a concept but could apply to finance, calculus, or other domains without clarity.",Names a concept.,"No domain specified, no grade, no example request.","3,1,1,1,1,1","2,2,1,2,1,1","2,1,1,2,1,1",NO,auto_mean,approved,SL-018,train
Weak,PELS-L1-EDU-019,give me question paper,Weak,EDU,intern,2,1,1,2,1,1,1.35,"Requests a resource but provides no subject, class, board, or year.",Resource type implied.,"No subject, level, board, or topic given.","2,2,2,3,2,2","2,1,1,2,1,1","3,2,2,1,2,1",NO,auto_mean,approved,SL-019,train
Weak,PELS-L1-EDU-020,study plan,Weak,EDU,synthetic,2,1,1,1,1,1,1.15,"Just two words; no exam, timeframe, subjects, or personal constraints mentioned.",Outcome type is identified.,"No exam, timeframe, subjects, or schedule constraints.","1,1,2,1,2,2","1,1,2,1,1,1","3,1,2,1,1,1",NO,auto_mean,approved,SL-020,train
Weak,PELS-L1-EDU-021,i need help with maths,Weak,EDU,synthetic,2,1,1,1,1,1,1.15,Slightly longer but adds no useful scope. Could mean any math topic at any level.,Subject and intent present.,"No topic, class, or nature of problem specified.","3,1,2,2,1,2","1,1,2,2,2,2","2,1,1,2,2,1",NO,auto_mean,approved,SL-021,train
Weak,PELS-L1-EDU-022,tell me important topics,Weak,EDU,intern,2,2,1,2,1,1,1.55,"Implies exam context but no subject, board, or exam is mentioned.",Implies exam relevance.,"No subject, exam, board, or chapter specified.","1,2,1,1,2,2","2,2,1,1,1,1","3,3,1,1,2,1",NO,auto_mean,approved,SL-022,train
Weak,PELS-L1-EDU-023,doubt in chapter 3,Weak,EDU,synthetic,2,2,1,2,1,1,1.55,"References a chapter but no subject, concept, or question is stated.",Implies curriculum context.,"No subject, no actual question, no class.","3,2,1,2,1,1","2,2,1,2,2,2","2,3,2,3,1,2",NO,auto_mean,approved,SL-023,train
Weak,PELS-L1-EDU-024,explain cell,Weak,EDU,intern,2,2,1,2,1,1,1.55,"Names a concept but cell has meanings in biology, physics, and tech.",Concept named.,"Ambiguous domain, no grade, no format, no depth.","3,2,2,1,1,1","1,1,2,3,1,1","2,3,1,3,1,1",NO,auto_mean,approved,SL-024,train
Weak,PELS-L1-EDU-025,revision help,Weak,EDU,synthetic,2,1,1,1,1,1,1.15,"Vague revision request with no subject, timeline, or method preference.",Implies upcoming exam.,"No subject, level, timeframe, or format.","3,2,1,2,1,1","1,1,2,1,1,1","1,1,1,2,1,1",NO,auto_mean,approved,SL-025,train
Weak,PELS-L1-EDU-026,english grammar mistakes correct it,Weak,EDU,synthetic,2,2,1,1,1,1,1.35,No sample text provided. Cannot correct something that doesn't exist in the prompt.,Task type is identified.,"No text provided, no grammar rule focused on.","3,2,2,2,1,2","1,1,1,2,1,2","1,2,2,2,1,1",NO,auto_mean,approved,SL-026,train
Weak,PELS-L1-EDU-027,notes on evolution,Weak,EDU,intern,2,2,1,2,1,1,1.55,"Names a topic but provides no class level, board, format, or length guidance.",Topic is identified.,"No class, board, format, or length specified.","1,1,1,2,1,1","1,3,1,3,1,1","3,2,2,3,1,1",NO,auto_mean,approved,SL-027,train
Weak,PELS-L1-EDU-028,how to pass exam,Weak,EDU,synthetic,2,2,1,1,1,1,1.35,"Generic question about passing any exam. No subject, strategy, or timeframe given.",Goal is clear.,"No subject, board, exam name, or study approach mentioned.","1,1,1,1,1,2","2,2,2,2,1,1","1,3,1,1,1,1",NO,auto_mean,approved,SL-028,train
Weak,PELS-L1-EDU-029,what is osmosis explain,Weak,EDU,intern,2,2,1,2,1,1,1.55,"Names a concept but lacks grade context, format, and output length guidance.","Concept named, explanation requested.","No grade, analogy request, or output format.","1,1,1,2,1,1","1,1,2,1,1,1","2,1,1,2,2,2",NO,auto_mean,approved,SL-029,train
Weak,PELS-L1-EDU-030,can u explain this chapter,Weak,EDU,synthetic,2,1,1,1,1,1,1.15,No chapter or subject identified. Informal phrasing. Cannot be answered at all.,Intent is clear.,"No chapter, subject, or grade given.","2,2,2,1,1,1","2,1,2,1,1,1","3,1,1,2,1,1",NO,auto_mean,approved,SL-030,train
Weak,PELS-L1-EDU-031,physics numericals help,Weak,EDU,synthetic,2,2,1,2,1,1,1.55,"Names a type of problem but no chapter, class, or specific problem shared.",Type of help identified.,"No chapter, class, specific question, or formula context.","3,3,1,2,2,1","2,1,2,2,1,2","3,3,2,3,2,2",NO,auto_mean,approved,SL-031,train
Weak,PELS-L1-EDU-032,full form of dna,Weak,EDU,intern,2,2,1,2,1,1,1.55,Minimal factual lookup with no educational goal or context. Single answer suffices.,"Clear, specific query.","No educational purpose, follow-up, or application asked.","1,2,1,1,2,1","3,2,2,1,2,1","3,2,2,2,1,1",NO,auto_mean,approved,SL-032,train
Weak,PELS-L1-EDU-033,why light refracts,Weak,EDU,synthetic,2,2,2,2,2,1,1.9,"Basic conceptual question without specifying depth, audience, or format.",Clear concept named.,"No grade, depth, format, or example type specified.","3,2,3,1,1,1","3,2,3,3,1,2","3,2,2,3,1,1",NO,auto_mean,approved,SL-033,train
Weak,PELS-L1-EDU-034,give me solved examples maths,Weak,EDU,intern,2,2,1,2,1,1,1.55,"Requests examples without mentioning the topic, class, or board.",Resource type clear.,"No topic, class, or board mentioned.","2,1,1,3,2,2","2,2,1,2,2,1","3,2,2,1,2,1",NO,auto_mean,approved,SL-034,train
Weak,PELS-L1-EDU-035,how cells work,Weak,EDU,synthetic,2,2,1,2,1,1,1.55,"Vague phrasing without specifying plant/animal, level, or format.",Topic implied.,"No organism, level, or format defined.","2,3,2,3,2,1","1,1,2,2,1,1","1,1,1,1,1,2",NO,auto_mean,approved,SL-035,train
Weak,PELS-L1-EDU-036,explain law of motion in simple words,Weak,EDU,synthetic,2,2,2,2,2,1,1.9,"Simple instruction but names only a category, not a specific law, and lacks grade context.",Requests simplified language.,Does not specify which law; no grade or example format.,"1,2,2,3,3,1","3,3,2,2,2,1","1,3,3,1,1,1",NO,auto_mean,approved,SL-036,train
Weak,PELS-L1-EDU-037,give me mcq on economics,Weak,EDU,intern,2,2,1,2,1,1,1.55,"Names a subject but no chapter, class, difficulty, or number of questions.",Question type specified.,"No chapter, class, difficulty, or quantity.","1,1,2,3,1,1","3,1,1,2,1,1","3,3,2,3,1,1",NO,auto_mean,approved,SL-037,train
Weak,PELS-L1-EDU-038,i have exam tomorrow help,Weak,EDU,synthetic,2,1,1,1,1,1,1.15,"Urgent but useless. No subject, exam board, topics, or format of help requested.",Urgency conveyed.,"No subject, board, topic, or type of help.","3,2,2,1,2,1","1,2,1,1,1,1","3,1,2,1,2,1",NO,auto_mean,approved,SL-038,train
Weak,PELS-L1-EDU-039,write my assignment,Weak,EDU,intern,2,1,1,1,1,1,1.15,"Requests task completion with zero detail. No subject, topic, or format.",Task type clear.,"No subject, topic, length, or style specified.","2,1,1,2,1,1","2,1,1,2,1,1","1,1,1,2,1,2",NO,auto_mean,approved,SL-039,train
Weak,PELS-L1-EDU-040,formula list chemistry,Weak,EDU,synthetic,2,2,1,2,1,1,1.55,"Requests a list but no chapter, class, or board is specified.",Resource type clear.,"No chapter, class, or board specified.","1,1,1,2,1,2","2,2,1,1,1,1","3,3,1,3,1,1",NO,auto_mean,approved,SL-040,train
Weak,PELS-L1-EDU-041,meaning of hypothesis,Weak,EDU,synthetic,2,2,1,2,1,1,1.55,Simple definition request with no discipline or grade level provided.,Concept named.,"No discipline, grade, or usage example requested.","1,2,1,2,1,2","3,3,2,3,1,1","1,2,1,2,1,1",NO,auto_mean,approved,SL-041,train
Weak,PELS-L1-EDU-042,how light works,Weak,EDU,intern,2,2,1,2,1,1,1.55,Very broad. Optics spans multiple chapters and levels.,Domain hint present.,"No chapter, grade, or specific phenomenon named.","2,3,2,2,2,1","2,1,2,3,1,1","3,3,2,1,1,2",NO,auto_mean,approved,SL-042,train
Weak,PELS-L1-EDU-043,explain gravity briefly,Weak,EDU,synthetic,2,2,2,2,2,1,1.9,"Has a constraint word but no level, format, or example type.",Output length hint present.,"No grade, example, or format specified.","2,1,2,1,1,1","2,2,1,2,2,1","2,2,2,2,1,1",NO,auto_mean,approved,SL-043,train
Weak,PELS-L1-EDU-044,help me learn periodic table,Weak,EDU,intern,2,2,1,2,1,1,1.55,"Names content but no method, timeframe, class, or board specified.",Learning goal identified.,"No method, timeframe, or level specified.","1,3,2,1,1,1","3,1,2,1,1,1","1,1,2,1,1,1",NO,auto_mean,approved,SL-044,train
Weak,PELS-L1-EDU-045,class 10 board tips,Weak,EDU,synthetic,2,2,2,2,2,2,2.0,"Grade and exam type partially given, but no subject or strategy type.",Grade level mentioned.,"No subject, board name, or strategy type.","2,3,1,3,1,2","3,2,2,1,3,3","3,3,1,1,2,1",NO,auto_mean,approved,SL-045,train
Developing,PELS-L2-EDU-047,You are a biology teacher. Explain the Krebs cycle step by step.,Developing,EDU,intern,6,6,4,6,5,3,5.15,Uses role assignment effectively. Step-by-step structure is requested but no word limit or audience age given.,Role framing and structure clearly specified.,"No audience age, length constraint, or output format.","7,5,5,5,5,4","6,7,4,5,6,4","6,5,4,6,4,3",YES,human_override,approved,SL-047,train
Developing,PELS-L2-EDU-048,Help me make a study timetable for my final exams next week,Developing,EDU,synthetic,5,5,4,5,4,3,4.45,"Provides goal and timeframe. Missing subjects, hours available, and priorities.",Timeframe is present. Goal is actionable.,"No subjects, available hours, or priority ranking.","5,6,4,6,3,3","4,6,5,6,4,4","6,5,4,5,5,4",YES,human_override,approved,SL-048,train
Developing,PELS-L2-EDU-049,Explain the difference between mitosis and meiosis with examples,Developing,EDU,intern,5,5,4,5,4,3,4.45,"Requests a comparison and examples. Missing grade, depth, and format guidance.",Comparison structure and example request present.,"No grade, format, or length constraint.","5,5,3,4,4,3","4,5,5,6,5,3","5,4,4,5,3,3",YES,human_override,approved,SL-049,train
Developing,PELS-L2-EDU-050,I have my class 10 science exam in 3 days. Give me the most important topics to revise.,Developing,EDU,synthetic,6,5,5,5,5,4,5.05,"Provides class level and urgency. Missing board name, specific subjects, and output format.",Grade and timeline both present.,"No board (CBSE/ICSE), specific chapter list, or format.","5,5,5,5,5,5","7,5,6,4,6,3","5,4,6,5,5,5",YES,human_override,approved,SL-050,train
Developing,PELS-L2-EDU-051,Can you create 10 MCQs on the chapter Electricity for class 10?,Developing,EDU,synthetic,6,6,5,6,5,4,5.45,"Specifies question type, chapter, quantity, and class. Missing difficulty and answer key request.","Question type, count, chapter, and grade all present.",No difficulty level or answer key format specified.,"5,7,5,7,6,4","6,5,4,6,4,4","7,5,5,7,6,4",YES,human_override,approved,SL-051,train
Developing,PELS-L2-EDU-052,Explain Newton's laws of motion with real-life examples,Developing,EDU,intern,5,5,4,5,4,3,4.45,Requests examples and names specific laws. Missing grade and output length.,"Real-life examples requested, topic named.","No class level, format, or length constraint.","5,6,5,5,4,4","6,5,4,6,4,3","5,5,3,4,5,2",YES,human_override,approved,SL-052,train
Developing,PELS-L2-EDU-053,Make a short summary of the chapter Chemical Reactions and Equations,Developing,EDU,synthetic,5,5,4,5,4,3,4.45,"Names chapter and requests summary format. Missing class, board, and length.",Chapter and format type present.,"No grade, board, or word count specified.","5,4,5,6,5,2","4,4,5,5,4,4","6,6,5,5,3,2",YES,human_override,approved,SL-053,train
Developing,PELS-L2-EDU-054,Explain the water cycle to me like I am a 7th grader,Developing,EDU,intern,6,5,5,5,5,3,4.95,"Provides audience age in metaphor. Missing output format, length, and example type.",Audience level embedded in phrasing.,No output format or length constraint.,"6,4,5,4,5,2","7,6,4,5,4,2","7,5,6,4,6,3",YES,human_override,approved,SL-054,train
Developing,PELS-L2-EDU-055,How do I prepare for JEE Mains chemistry section? Give me a 2-week plan.,Developing,EDU,synthetic,6,6,6,6,5,5,5.75,Names exam and section; requests a plan with duration. Missing topics to prioritize and daily hour breakdown.,"Exam name, subject, and timeframe present.",No priority topic list or daily time allocation.,"5,5,7,6,5,5","6,6,5,5,5,5","5,5,6,6,4,6",YES,human_override,approved,SL-055,train
Developing,PELS-L2-EDU-056,You are a math teacher. Solve this quadratic equation and explain each step: x^2 - 5x + 6 = 0,Developing,EDU,synthetic,6,6,5,6,5,4,5.45,Uses role framing and provides a concrete problem. Missing output length and format for notes.,Role framing and specific problem provided.,No format constraint or follow-up explanation depth.,"7,7,4,5,4,5","6,5,4,5,6,4","7,7,6,5,6,4",YES,human_override,approved,SL-056,train
Developing,PELS-L2-EDU-057,Give me flashcard-style notes on the chapters of Organic Chemistry for class 12,Developing,EDU,intern,6,6,5,6,5,4,5.45,"Specifies format (flashcard), subject, and class. Missing board, chapter list, and quantity.",Format type and grade level present.,"No board name, chapter list, or card count.","6,6,5,7,5,4","7,7,4,7,6,3","5,7,4,6,6,3",YES,human_override,approved,SL-057,train
Developing,PELS-L2-EDU-058,Explain why sky is blue in simple language suitable for a class 8 student,Developing,EDU,synthetic,6,5,5,5,5,3,4.95,Grade level and simplicity request present. Missing output length and visual instruction.,Target audience and tone constraint included.,"No length, example, or diagram request.","5,4,4,6,4,2","5,5,5,6,6,3","6,4,4,5,6,3",NO,auto_mean,approved,SL-058,train
Developing,PELS-L2-EDU-059,List the differences between plant cell and animal cell in a table format,Developing,EDU,intern,6,6,5,6,5,4,5.45,Specifies format (table) and comparison type. Missing grade level and number of points.,Tabular format and comparison clearly stated.,"No grade, minimum points, or board specified.","7,6,4,7,4,4","7,7,6,5,5,3","7,5,6,5,5,3",YES,human_override,approved,SL-059,train
Developing,PELS-L2-EDU-060,I am weak in organic chemistry reactions. What should I focus on for board exams?,Developing,EDU,synthetic,6,5,5,5,5,4,5.05,"Identifies weakness and exam context. Missing class, board, and specific chapter.",Self-identified weakness and exam goal present.,"No class, board name, or chapter specified.","5,4,4,5,6,5","7,5,5,4,5,5","6,6,5,5,6,5",YES,human_override,approved,SL-060,train
Developing,PELS-L2-EDU-061,Summarize chapter Heredity and Evolution for class 10 CBSE in bullet points,Developing,EDU,synthetic,6,6,6,6,5,5,5.75,"Names chapter, board, and class. Requests bullet format. Missing length and level of depth.","Board, class, chapter, and format all specified.",No word limit or depth level specified.,"6,6,5,7,4,5","7,6,7,6,4,4","5,7,7,7,4,6",YES,human_override,approved,SL-061,train
Developing,PELS-L2-EDU-062,Create a 30-day study schedule for NEET biology preparation,Developing,EDU,intern,6,6,6,6,5,5,5.75,"Names exam, subject, and duration. Missing daily hours, current level, and priority topics.","Exam, subject, and timeframe present.","No daily hours, priority topics, or current level.","6,7,5,5,5,6","7,6,6,5,6,5","7,6,5,6,5,5",YES,human_override,approved,SL-062,train
Developing,PELS-L2-EDU-063,"Explain electrolysis with a simple example, suitable for class 10",Developing,EDU,synthetic,6,5,5,5,5,4,5.05,"Names concept, requests example, and specifies class. Missing output length and format.","Concept, audience grade, and example request present.",No format or word count specified.,"6,5,6,4,4,4","6,6,5,5,6,4","7,4,5,4,5,4",YES,human_override,approved,SL-063,train
Developing,PELS-L2-EDU-064,What are the important questions likely to come in class 12 physics boards?,Developing,EDU,intern,5,5,5,5,4,4,4.75,"Specifies class and subject. Missing board name, specific chapters, and year pattern.",Class and subject identified.,"No board, chapter focus, or marking weight mentioned.","5,4,5,6,3,5","6,5,5,4,3,5","5,6,5,6,4,3",YES,human_override,approved,SL-064,train
Developing,PELS-L2-EDU-065,Describe the structure of DNA with a diagram or description,Developing,EDU,synthetic,5,5,4,5,4,3,4.45,Names concept and suggests a format. Missing grade level and output length.,Concept and format hint present.,"No class, board, or length constraint.","4,5,5,4,4,3","6,5,3,4,5,4","4,6,3,5,5,2",YES,human_override,approved,SL-065,train
Developing,PELS-L2-EDU-066,Help me understand integration by parts with an example problem,Developing,EDU,synthetic,6,5,5,5,5,4,5.05,Specifies technique and requests example. Missing class and step-by-step format instruction.,Technique named and example requested.,No class level or step-by-step structure specified.,"7,5,4,4,4,4","5,6,4,5,6,4","7,6,5,5,5,4",YES,human_override,approved,SL-066,train
Developing,PELS-L2-EDU-067,What is the difference between speed and velocity? Give me two examples each.,Developing,EDU,intern,6,6,5,6,5,3,5.35,Clear comparison with example count specified. Missing grade and format.,Comparison requested with specific example count.,No grade level or table format specified.,"5,6,6,5,5,2","7,7,6,5,4,3","6,6,6,6,4,3",YES,human_override,approved,SL-067,train
Developing,PELS-L2-EDU-068,Explain the immune system for a biology class 11 student with key terms highlighted,Developing,EDU,synthetic,6,6,6,6,5,5,5.75,"Grade, format hint, and class specified. Missing length and board name.","Grade, format, and content focus present.",No word limit or board specified.,"7,6,7,7,6,5","5,6,7,6,5,5","7,7,6,6,5,4",YES,human_override,approved,SL-068,train
Developing,PELS-L2-EDU-069,Give me a revision checklist for class 12 accountancy chapter Partnership Accounts,Developing,EDU,intern,6,6,6,6,5,5,5.75,"Chapter, class, subject, and format type specified. Missing board and marking scheme weight.","Chapter, class, and format all specified.",No board or marking priority.,"7,5,7,6,4,5","5,6,7,6,6,5","6,7,7,5,5,4",YES,human_override,approved,SL-069,train
Developing,PELS-L2-EDU-070,Explain the concept of market equilibrium for an economics student,Developing,EDU,synthetic,5,5,4,5,4,3,4.45,"Names concept and mentions student type. Missing grade, depth, and example request.",Concept and audience hint present.,"No grade, example, or output format.","4,6,5,5,3,3","4,6,4,4,5,2","5,6,3,4,4,3",YES,human_override,approved,SL-070,train
Developing,PELS-L2-EDU-071,"Design 5 short-answer questions for the chapter Acids, Bases and Salts for class 10",Developing,EDU,synthetic,6,6,5,6,5,4,5.45,"Specifies question type, count, chapter, and class. Missing difficulty and answer key format.","Question type, count, chapter, grade all present.",No difficulty level or answer inclusion.,"6,7,6,6,6,3","6,7,6,6,5,5","7,6,6,5,6,3",YES,human_override,approved,SL-071,train
Developing,PELS-L2-EDU-072,Make notes on Indian freedom struggle for a history student preparing for UPSC,Developing,EDU,intern,6,6,6,6,5,5,5.75,"Names topic, audience type, and exam. Missing format, length, and specific era focus.",Exam and topic present.,"No era focus, format, or length constraint.","5,7,7,6,4,6","5,6,5,7,6,4","6,5,7,6,4,4",YES,human_override,approved,SL-072,train
Developing,PELS-L2-EDU-073,Give me 5 tips to improve my handwriting speed for board exams,Developing,EDU,synthetic,5,5,5,5,5,4,4.9,"Specific, actionable request with count. Missing subject, board, and time constraint.",Count and exam context present.,"No subject, board, or timeframe.","5,4,5,5,5,4","4,4,6,5,6,5","4,4,4,4,6,4",NO,auto_mean,approved,SL-073,train
Developing,PELS-L2-EDU-074,Explain the Doppler effect for sound with one example,Developing,EDU,intern,6,6,5,6,5,4,5.45,Specifies domain (sound) and requests example. Missing class and format.,Domain and example request specified.,No class or output format.,"7,7,4,6,6,3","5,6,6,6,5,4","7,5,5,6,6,5",YES,human_override,approved,SL-074,train
Developing,PELS-L2-EDU-075,Can you teach me the basics of matrices for class 12?,Developing,EDU,synthetic,5,5,5,5,4,4,4.75,"Names topic and class. Somewhat informal tone. Missing format, depth, and board.",Topic and grade mentioned.,"No board, depth, or format specified.","4,4,5,5,5,4","6,5,6,5,4,4","4,5,5,4,3,4",YES,human_override,approved,SL-075,train
Developing,PELS-L2-EDU-076,What are some common mistakes students make in chemistry practicals and how to avoid them?,Developing,EDU,synthetic,6,5,5,5,5,4,5.05,"Practical focus and error-avoidance framing is useful. Missing class, board, and experiment type.",Specific context (practicals) and actionable ask.,"No class, board, or specific experiment.","7,5,6,5,6,4","5,6,5,5,4,5","7,6,4,6,6,4",YES,human_override,approved,SL-076,train
Developing,PELS-L2-EDU-077,Summarize the chapter Force and Laws of Motion for quick revision,Developing,EDU,intern,5,5,5,5,4,3,4.65,"Chapter and purpose named. Missing class, board, format, and word count.",Chapter and revision goal present.,"No grade, board, format, or length.","5,4,6,5,3,4","4,6,5,6,5,4","6,4,6,4,5,4",YES,human_override,approved,SL-077,train
Developing,PELS-L2-EDU-078,"Explain acid rain, its causes and effects, for a geography student",Developing,EDU,synthetic,6,5,5,5,5,4,5.05,"Names audience type and covers causes and effects. Missing grade, format, and word count.",Topic scope and audience type present.,"No grade, format, or length specified.","5,5,5,4,6,4","7,4,4,5,5,5","6,4,4,4,6,4",YES,human_override,approved,SL-078,train
Developing,PELS-L2-EDU-079,Make a mind map structure for the chapter Reproduction in Organisms for class 12,Developing,EDU,intern,6,6,6,6,5,5,5.75,"Names chapter, format, and grade. Missing board and depth of nodes.","Format (mind map), chapter, and grade specified.",No board or node depth guidance.,"7,7,6,5,5,5","6,7,6,5,5,4","5,5,7,7,6,5",YES,human_override,approved,SL-079,train
Developing,PELS-L2-EDU-080,Explain the Budget in economics in about 100 words for a student,Developing,EDU,synthetic,6,5,6,5,5,4,5.25,Length constraint and student audience present. Missing class and example request.,Word count and audience type present.,No class or board specified.,"7,5,5,5,4,4","7,4,6,5,6,5","7,5,7,5,6,4",YES,human_override,approved,SL-080,train
Developing,PELS-L2-EDU-081,Give me 10 fill-in-the-blank questions for chapter Carbon and its Compounds,Developing,EDU,synthetic,6,6,5,6,5,4,5.45,"Format, count, and chapter specified. Missing class, board, and difficulty.","Question type, count, and chapter present.","No grade, board, or difficulty level.","5,7,4,6,4,5","7,6,6,5,6,3","7,6,6,6,6,4",YES,human_override,approved,SL-081,train
Developing,PELS-L2-EDU-082,I need help revising for my economics test next week. Give me key points.,Developing,EDU,intern,5,5,5,5,4,4,4.75,"Timeline and subject present. Missing class, specific chapters, and format.",Subject and timeline present.,"No class, chapters, or format specified.","4,4,4,4,4,4","4,4,4,6,3,4","5,5,6,6,5,5",YES,human_override,approved,SL-082,train
Developing,PELS-L2-EDU-083,Explain the process of digestion step by step for class 10 biology,Developing,EDU,synthetic,6,6,5,6,5,4,5.45,"Names process, class, and requests step-by-step. Missing board and word count.","Process, class, and format request present.",No board or length constraint.,"6,7,6,7,4,4","7,5,5,7,5,4","5,7,5,5,5,4",YES,human_override,approved,SL-083,train
Developing,PELS-L2-EDU-084,What are the main themes in the poem Fire and Ice by Robert Frost?,Developing,EDU,intern,6,6,5,6,5,4,5.45,Names poem and author. Specific literary element (themes) requested. Missing class and format.,"Poem, author, and literary focus specified.",No class level or output format.,"5,6,4,7,5,5","7,6,4,6,5,3","5,6,4,7,4,5",YES,human_override,approved,SL-084,train
Developing,PELS-L2-EDU-085,Create a worksheet on fractions for a class 5 student,Developing,EDU,synthetic,6,6,5,6,5,4,5.45,"Grade and resource type clear. Missing number of questions, difficulty, and format.",Grade and resource type specified.,"No question count, difficulty, or format.","7,7,4,5,5,3","5,7,4,5,6,3","7,5,4,6,4,5",YES,human_override,approved,SL-085,train
Developing,PELS-L2-EDU-086,Explain what an ecosystem is and give two real-world examples,Developing,EDU,synthetic,6,5,5,5,5,3,4.95,Requests definition and two examples. Missing grade and format.,Example count and definition request clear.,No grade or output format.,"5,5,4,4,6,3","5,4,6,4,4,2","6,4,6,5,4,2",NO,auto_mean,approved,SL-086,train
Developing,PELS-L2-EDU-087,What is the significance of the Treaty of Versailles in World War 1?,Developing,EDU,intern,6,6,5,6,5,4,5.45,Names specific event and requests significance. Missing class level and format.,Specific event referenced.,"No grade, length, or format specified.","6,5,4,7,5,5","5,7,4,6,5,4","7,7,4,6,6,3",YES,human_override,approved,SL-087,train
Developing,PELS-L2-EDU-088,Suggest the best books for class 11 physics besides NCERT,Developing,EDU,synthetic,5,5,5,5,5,4,4.9,"Grade and subject specified. Missing board, topic areas of weakness, and number of suggestions.",Grade and subject specified.,"No board, topic weakness, or count limit.","6,4,6,6,6,4","5,6,4,4,5,4","5,6,4,5,6,4",NO,auto_mean,approved,SL-088,train
Developing,PELS-L2-EDU-089,Help me understand confidence intervals with an example in simple language,Developing,EDU,intern,6,5,5,5,5,4,5.05,Requests simplified language and example. Missing class and depth.,Language simplicity and example request present.,No class or depth level.,"5,4,5,6,4,3","5,5,6,6,6,5","7,5,5,6,6,4",YES,human_override,approved,SL-089,train
Developing,PELS-L2-EDU-090,Give me a 1-week revision plan for class 10 mathematics,Developing,EDU,synthetic,6,6,6,6,5,5,5.75,"Timeframe, class, and subject specified. Missing board, topics, and daily hours.","Timeframe, grade, and subject present.","No board, priority topics, or daily hours.","6,7,7,6,4,6","5,7,7,7,6,4","6,6,5,6,5,5",YES,human_override,approved,SL-090,train
Developing,PELS-L2-EDU-091,How should I approach case study questions in class 12 economics board exam?,Developing,EDU,synthetic,6,6,5,6,5,5,5.55,"Specifies question type, grade, and exam. Missing strategy structure and board.","Question type, grade, and exam context present.",No step-by-step strategy or board name.,"6,6,6,5,5,5","6,7,5,6,4,6","6,5,4,5,4,5",YES,human_override,approved,SL-091,train
Developing,PELS-L2-EDU-092,Explain Ohm's law and its formula with a simple numerical example,Developing,EDU,intern,6,6,5,6,5,4,5.45,"Names law, formula, and example type. Missing class and format constraint.","Concept, formula, and example type present.",No grade or output format.,"5,7,6,6,4,5","5,7,6,7,5,5","5,6,5,7,5,5",YES,human_override,approved,SL-092,train
Developing,PELS-L2-EDU-093,What topics should I prioritize while studying for UPSC prelims history section?,Developing,EDU,synthetic,6,6,6,6,5,5,5.75,"Names exam, section, and requests prioritization. Missing year pattern and study method.","Exam, section, and priority request present.",No year pattern or study method.,"5,6,7,6,5,4","7,7,5,5,6,5","5,5,6,7,5,4",YES,human_override,approved,SL-093,train
Developing,PELS-L2-EDU-094,Explain the concept of democracy for a class 9 civics student,Developing,EDU,intern,6,5,5,5,5,4,5.05,"Names concept, class, and subject. Missing format and word count.","Concept, grade, and subject present.",No format or length constraint.,"6,6,4,5,6,5","7,6,6,6,4,5","7,6,5,4,4,4",YES,human_override,approved,SL-094,train
Developing,PELS-L2-EDU-095,Design 3 case study questions on Consumer Rights for class 10 social science,Developing,EDU,synthetic,6,6,6,6,5,5,5.75,"Specifies question type, count, topic, class, and subject. Missing board and difficulty.","Question type, count, topic, class, and subject all present.",No board or difficulty level.,"7,6,6,6,4,4","5,7,7,6,4,4","7,7,5,5,6,6",YES,human_override,approved,SL-095,train
Developing,PELS-L2-EDU-096,Make a comparative table of cropping seasons in India for geography class,Developing,EDU,synthetic,6,6,6,6,5,5,5.75,"Format, topic, and subject area specified. Missing class, board, and number of rows.",Format and topic specified.,"No class, board, or row count.","5,6,6,6,5,4","6,6,7,6,6,6","5,5,5,5,6,4",YES,human_override,approved,SL-096,train
Developing,PELS-L2-EDU-097,Explain how to balance chemical equations with two examples,Developing,EDU,intern,6,6,5,6,5,4,5.45,Names technique and specifies example count. Missing class and difficulty level.,Example count and technique name present.,No class or difficulty level.,"7,5,5,6,6,4","6,7,5,6,5,3","7,5,5,6,4,4",YES,human_override,approved,SL-097,train
Developing,PELS-L2-EDU-098,What is the role of the liver in the human body? Explain for a class 8 student.,Developing,EDU,synthetic,6,5,6,5,5,4,5.25,Grade and concept present. Format and length missing.,Grade and concept specified.,No format or length constraint.,"7,6,7,5,6,5","6,4,5,5,6,3","5,4,6,4,4,4",YES,human_override,approved,SL-098,train
Developing,PELS-L2-EDU-099,Suggest memory techniques to remember the periodic table elements,Developing,EDU,intern,5,5,5,5,5,4,4.9,Specific goal but missing class and number of elements targeted.,Specific learning goal present.,"No class, board, or scope of elements.","5,5,4,4,5,5","5,4,4,5,6,5","4,6,6,6,5,3",YES,human_override,approved,SL-099,train
Developing,PELS-L2-EDU-100,Write 5 important long-answer questions for class 12 history chapter Nationalism in India,Developing,EDU,synthetic,6,6,6,6,5,5,5.75,"Specifies question type, count, class, and chapter. Missing board and year pattern.","Type, count, class, and chapter all present.",No board or previous year pattern.,"6,7,5,6,4,5","5,6,7,6,6,5","7,7,6,6,4,5",YES,human_override,approved,SL-100,train
Developing,PELS-L2-EDU-101,Explain the concept of GDP for a class 10 economics student with an example,Developing,EDU,synthetic,6,6,5,6,5,4,5.45,"Concept, class, subject, and example request present. Missing format and length.","Concept, grade, subject, and example request present.",No format or word count.,"5,6,4,7,5,5","6,5,5,5,4,4","7,6,6,5,5,4",YES,human_override,approved,SL-101,train
Developing,PELS-L2-EDU-102,Give me a list of all formulae needed for class 12 physics wave optics,Developing,EDU,intern,6,6,6,6,5,5,5.75,"Class, subject, and chapter all specified. Missing format and any derivation request.","Class, subject, and chapter all specified.",No format or derivation guidance.,"7,6,5,6,4,4","7,7,5,7,6,4","6,6,7,7,4,4",YES,human_override,approved,SL-102,train
Developing,PELS-L2-EDU-103,"Explain with real-life examples what refraction of light is, for a school student",Developing,EDU,synthetic,6,5,5,5,5,4,5.05,Real-life examples requested and concept named. Missing grade and format.,Examples and concept name present.,"No grade, format, or word count.","5,4,5,4,4,5","5,6,4,4,6,4","6,6,6,5,6,5",NO,auto_mean,approved,SL-103,train
Developing,PELS-L2-EDU-104,Can you create a practice test on quadratic equations for class 10?,Developing,EDU,intern,6,6,5,6,5,4,5.45,"Specifies test type, topic, and class. Missing question count, difficulty, and board.","Topic, class, and test type specified.","No count, difficulty, or board.","7,7,6,6,6,4","5,6,4,6,5,5","6,6,6,5,5,5",YES,human_override,approved,SL-104,train
Strong,PELS-L3-EDU-105,Explain photosynthesis in exactly 150 words for a 10th-grade CBSE student. Include one real-life example and end with a 3-point summary in bullet form.,Strong,EDU,synthetic,9,8,8,8,8,7,8.05,"Fully specifies grade, board, word count, example, and output format. All six criteria are addressed.","Precise word count, grade, board, example request, and output format defined.",Could mention light vs dark reactions distinction but otherwise comprehensive.,"8,8,8,8,7,6","9,8,7,9,7,8","10,9,8,8,9,8",YES,human_override,approved,SL-105,train
Strong,PELS-L3-EDU-106,"You are a JEE Advanced mathematics tutor. Explain integration by substitution with 3 solved examples of increasing difficulty (easy, medium, hard). After each example, list the key rule applied in one sentence. Format the response as a structured tutorial with numbered sections.",Strong,EDU,synthetic,9,9,8,9,8,8,8.55,"Role, structure, difficulty progression, count, and format all defined. Audience is implicit (JEE level).","Role framing, difficulty gradient, count, format, and key rule extraction all specified.",Could explicitly state class 12 or JEE for audience clarity.,"10,8,8,10,9,7","9,10,8,10,7,7","9,8,8,10,7,9",NO,auto_mean,approved,SL-106,train
Strong,PELS-L3-EDU-107,"Create a 30-day NEET biology preparation plan for a class 12 student who has 4 hours daily. Divide by week: Week 1 focus Cell Biology, Week 2 Genetics, Week 3 Ecology, Week 4 Human Physiology. Include 1 mock test per week on Sundays and daily targets in bullet format.",Strong,EDU,intern,9,9,9,9,8,9,8.85,"All six criteria fully addressed: exam, class, daily hours, weekly topics, test schedule, and format.","Exam name, class, hours, week-by-week topic, test schedule, and daily format all specified.",No explicit mention of ethics or failure handling; otherwise exemplary.,"10,8,8,8,9,9","9,10,10,10,7,9","9,9,9,9,8,10",NO,auto_mean,approved,SL-107,validation
Strong,PELS-L3-EDU-108,"You are a CBSE class 10 science teacher. Explain the Human Nervous System in 200 words. Use a three-section format: (1) Central Nervous System, (2) Peripheral Nervous System, (3) One common misconception students have. Use simple language suitable for a student scoring 60% currently.",Strong,EDU,synthetic,9,9,9,9,8,8,8.75,"Role, word count, grade, board, structure, audience profile, and misconception section all specified.","Complete structure with role, word count, three-section format, and student profile.",Minor gap: no mention of diagrams or visual aids.,"10,8,10,10,8,7","9,8,10,10,8,8","9,10,10,10,7,8",NO,auto_mean,approved,SL-108,validation
Strong,PELS-L3-EDU-109,"Generate a 15-question mixed-format question bank (5 MCQ, 5 short answer, 5 assertion-reason) on the chapter Chemical Reactions and Equations for CBSE class 10. Include answers and brief explanations. Difficulty: 2 easy, 2 medium, 1 hard per format.",Strong,EDU,intern,9,9,9,9,8,9,8.85,"Format mix, count per type, chapter, board, class, answers, explanations, and difficulty all specified.","Format types, question count per type, board, class, answers, and difficulty spread all specified.",Near-perfect; no obvious gaps.,"8,10,10,8,8,9","10,10,10,9,7,10","10,8,9,10,8,10",NO,auto_mean,approved,SL-109,validation
Strong,PELS-L3-EDU-110,Act as an IAS coaching mentor. List the 10 most important topics in Modern Indian History for UPSC Prelims 2025 with a one-line rationale for each. Format as a numbered list. Conclude with a 3-sentence study strategy for a student starting from scratch with 6 months left.,Strong,EDU,synthetic,9,9,9,9,8,8,8.75,"Role, count, exam, year, format, rationale, and study strategy with timeframe all defined.","Role, exam, year, format, count, rationale, and study strategy all present.",Could mention whether PYQ analysis is included.,"9,8,10,10,9,9","10,8,10,10,8,9","9,8,9,9,7,7",NO,auto_mean,approved,SL-110,validation
Strong,PELS-L3-EDU-111,I am a class 12 commerce student preparing for board exams. Explain the concept of Partnership Deed in accountancy in 250 words. Use this structure: Definition → Key Features (minimum 5) → Difference from Partnership Firm (as a table). Use simple language and avoid technical jargon.,Strong,EDU,synthetic,9,9,9,9,8,8,8.75,"First-person context, class, subject, word count, structure, table format, and language constraint all specified.","First-person context, word count, structure, table format, and language tone all defined.",No board name specified.,"9,9,8,8,7,7","8,9,8,10,9,9","10,8,10,9,9,7",NO,auto_mean,approved,SL-111,validation
Strong,PELS-L3-EDU-112,"Create a week-by-week revision timetable for class 10 CBSE board exams starting from 1st February. Subjects: Maths, Science, English, Social Science, Hindi. I can study 3 hours on weekdays and 5 hours on weekends. Prioritize Science and Maths. Format as a table with date, subject, topics, and hours.",Strong,EDU,intern,9,9,9,9,8,9,8.85,"All criteria fully addressed: class, board, start date, all five subjects, daily hours by day type, priorities, and format.","Complete: class, board, start date, subjects, hours by day type, priorities, and table format.",No exam date mentioned to count back from.,"10,9,8,8,7,10","10,8,10,9,7,9","9,10,10,8,8,10",NO,auto_mean,approved,SL-112,validation
Strong,PELS-L3-EDU-113,"You are a physics teacher for class 11 students preparing for JEE. Explain Projectile Motion in three parts: (1) Theory in 100 words, (2) Three solved numerical problems at increasing difficulty, (3) Common mistakes students make. Include the formulae used in each numerical clearly labeled.",Strong,EDU,synthetic,9,9,9,9,8,8,8.75,"Role, class, exam, structure, word count, problem count, difficulty gradient, and formula labeling all specified.","Role, exam, three-part structure, word count, difficulty gradient, and formula labeling all defined.",Could specify board for completeness.,"9,10,9,8,9,7","9,9,8,9,9,9","9,9,9,9,9,9",NO,auto_mean,approved,SL-113,validation
Strong,PELS-L3-EDU-114,"Explain the Carbon Cycle for a class 9 CBSE geography student in 200 words. Use three subheadings: Photosynthesis, Respiration, Decomposition. After the explanation, write 3 short-answer questions a teacher might ask from this topic with model answers.",Strong,EDU,intern,9,9,9,9,8,8,8.75,"Grade, board, word count, subheadings, and post-explanation question section all defined.","Grade, board, word count, structure, and follow-up question format all specified.",No difficulty level for questions specified.,"9,8,8,10,7,8","8,10,9,9,9,7","10,10,8,9,7,7",NO,auto_mean,approved,SL-114,validation
Strong,PELS-L3-EDU-115,"I scored 55% in my class 12 mid-term physics exam. Create a 6-week targeted recovery plan. Weak chapters: Electrostatics, Current Electricity, Magnetism. I study 2 hours per day on weekdays only. Include: weekly chapter schedule, daily task list, and 1 weekly mock test. Output as a detailed table.",Strong,EDU,synthetic,9,9,9,9,8,9,8.85,"Student profile, score, weak chapters, daily hours, timeframe, table format, and mock test schedule all specified.","Student context, weak chapters, daily hours, timeframe, format, and test schedule all defined.",No board specified.,"9,9,10,8,8,8","8,9,9,8,8,8","9,10,9,8,8,8",NO,auto_mean,approved,SL-115,validation
Strong,PELS-L3-EDU-116,"Design a 20-question final exam on Organic Chemistry for class 12 CBSE. Include: 5 MCQ (1 mark), 5 short answer (2 marks), 5 long answer (5 marks), 5 diagram-based. Provide marking scheme and expected answer length for each question type. Difficulty: 30% easy, 50% medium, 20% hard.",Strong,EDU,synthetic,9,9,9,9,8,9,8.85,"Format types, marks per type, class, board, subject, difficulty distribution, and marking scheme all specified.","Complete: format, marks, board, class, subject, difficulty split, and marking scheme.",Near-perfect prompt.,"9,8,8,9,7,10","10,9,8,8,7,9","9,10,8,10,8,9",NO,auto_mean,approved,SL-116,validation
Strong,PELS-L3-EDU-117,"You are a class 6 science teacher explaining plant reproduction to students. Use simple words. Cover: pollination, fertilization, and seed dispersal. Write exactly 200 words. After the explanation, add 5 fill-in-the-blank questions with answers for the students to check understanding.",Strong,EDU,intern,9,9,9,9,8,8,8.75,"Role, audience, topics covered, word count, format, and self-check questions with answers all specified.","Complete role, word count, topic list, and student self-check format.",Could specify board for curriculum alignment.,"10,8,8,8,8,7","8,10,10,10,9,8","8,9,8,9,7,7",NO,auto_mean,approved,SL-117,validation
Strong,PELS-L3-EDU-118,"Create a cheat sheet of all important trigonometry formulas for class 11 JEE preparation. Group them by: Basic Ratios, Compound Angles, Multiple Angles, Inverse Trigonometry. Include one example application for each group. Format as a structured reference card.",Strong,EDU,synthetic,9,9,9,9,8,8,8.75,"Class, exam, formula groupings, example per group, and format all specified.","Exam, class, formula categories, examples, and format all defined.",No mention of board or difficulty flags.,"8,9,10,10,8,7","8,9,10,10,7,9","10,10,8,10,7,8",NO,auto_mean,approved,SL-118,validation
Strong,PELS-L3-EDU-119,"I am a class 10 student with 1 month left before CBSE board exams. Explain how to write a perfect essay for English paper. Include: paragraph structure (introduction, 3 body paragraphs, conclusion), word count per section, useful connectors, and a sample essay skeleton on 'Impact of Social Media'. 300-word limit.",Strong,EDU,intern,9,9,9,9,8,8,8.75,"Class, board, timeframe, structure, word count, connectors, and example skeleton all specified.","Class, board, deadline, structure, connectors, and sample skeleton all defined.",No mention of marking scheme or common examiner preferences.,"9,8,10,9,7,9","9,8,10,10,7,9","9,8,10,10,9,9",NO,auto_mean,approved,SL-119,validation
Strong,PELS-L3-EDU-120,Explain the Krebs Cycle step by step for a class 12 CBSE biology student in 250 words. Use this structure: Input Molecules → Each Reaction Step (numbered 1–8) → Output Molecules. Highlight the ATP produced at each stage. Add a note at the end about common confusions students have.,Strong,EDU,synthetic,9,9,9,9,8,8,8.75,"Class, board, word count, numbered structure, ATP highlighting, and common confusion note all specified.","Grade, board, word count, step numbering, output tracking, and misconception flag all defined.",No visual diagram request; could strengthen C3.,"10,8,9,9,7,9","9,9,9,10,7,8","8,9,8,10,9,9",NO,auto_mean,approved,SL-120,validation
Strong,PELS-L3-EDU-121,"Act as a NEET biology examiner. Generate 10 MCQs on the chapter Biological Classification (Kingdom Monera to Animalia) for class 11. Each MCQ should have 4 options and a detailed explanation of the correct answer. Difficulty: 4 easy, 4 medium, 2 hard. Tag each question with the subtopic it tests.",Strong,EDU,synthetic,9,9,9,9,8,9,8.85,"Role, exam, chapter, class, count, format, explanations, difficulty split, and subtopic tagging all specified.","Role, exam, chapter, class, count, format, explanations, difficulty, and topic tags all defined.",Near-perfect; no gaps identified.,"8,10,10,9,7,8","9,10,9,10,7,10","9,10,9,10,7,8",NO,auto_mean,approved,SL-121,validation
Strong,PELS-L3-EDU-122,"Design a 3-day crash course study plan for class 10 ICSE mathematics (Topics: Mensuration, Trigonometry, Statistics). Day-wise breakdown with morning and evening sessions. Each session: 1.5 hours. Include 5 practice problems per topic. Output as a day-wise table.",Strong,EDU,intern,9,9,9,9,8,9,8.85,"Board (ICSE), class, topics, duration per day, session structure, problem count, and table format all specified.","Board, class, topics, session structure, duration, problem count, and format all defined.",Near-perfect prompt.,"8,10,9,8,8,8","8,8,8,9,8,10","9,10,9,9,7,10",NO,auto_mean,approved,SL-122,validation
Strong,PELS-L3-EDU-123,"Explain the concept of Standard Deviation in statistics for a class 11 student who understands mean but struggles with deviation. Use: definition, step-by-step calculation example with 5 data points, real-life use case (marks in a class), and a 1-sentence summary. Keep under 300 words.",Strong,EDU,synthetic,9,9,9,9,8,8,8.75,"Prior knowledge assumed, concept, method, example with data, real-life use, summary, and word limit all defined.","Student profile, prior knowledge, example data, use case, and word limit all specified.",Could request formula notation.,"8,9,9,8,9,8","9,8,9,9,8,9","9,9,9,8,8,9",NO,auto_mean,approved,SL-123,validation
Strong,PELS-L3-EDU-124,"You are a history teacher for class 9 NCERT. Explain the causes of the French Revolution under three heads: Social Causes, Economic Causes, Political Causes. Use bullet points under each head. Keep total length under 300 words. End with a 2-sentence takeaway on why it still matters today.",Strong,EDU,intern,9,9,9,9,8,8,8.75,"Role, textbook (NCERT), class, structure (3 heads), format (bullets), word limit, and concluding insight all specified.","Role, textbook, class, structure, format, word limit, and application note all defined.",Board is implicit (CBSE) but not stated.,"9,9,10,9,7,9","9,8,9,10,7,9","9,9,8,8,8,9",NO,auto_mean,approved,SL-124,validation
Strong,PELS-L3-EDU-125,"I need to prepare for a class 12 economics case study question on Demand and Supply. Give me: (1) a 200-word example case study, (2) 3 questions of increasing difficulty based on it with model answers, (3) a checklist of 5 things to include in any answer for full marks.",Strong,EDU,synthetic,9,9,9,9,8,9,8.85,"Class, subject, topic, format (3-part), word count, difficulty gradient, model answers, and checklist all defined.","Class, subject, word count, three-part structure, model answers, and full-marks checklist all specified.",No board name but otherwise exemplary.,"9,9,9,10,9,9","8,10,9,9,8,8","10,9,10,9,8,10",NO,auto_mean,approved,SL-125,validation
Strong,PELS-L3-EDU-126,"Act as a class 8 math teacher. Explain linear equations in one variable in 5 steps. For each step, write: what to do, why it works, and one practice problem. Use simple language. End with a 3-question self-assessment quiz with answers.",Strong,EDU,synthetic,9,9,9,9,8,8,8.75,"Role, class, topic, 5-step structure, per-step format (what/why/practice), language constraint, and quiz all specified.","Role, class, step count, per-step structure, language, and self-assessment format all defined.",No board; otherwise comprehensive.,"8,8,10,10,8,8","10,10,10,8,7,7","10,10,9,8,7,7",NO,auto_mean,approved,SL-126,validation
Strong,PELS-L3-EDU-127,"Create a complete UPSC Prelims GS Paper 1 mock test (100 MCQs). Topics: History 30%, Geography 25%, Polity 20%, Economy 15%, Environment 10%. Include a separate answer key. Difficulty: 40% easy, 40% medium, 20% hard. Format each question with 4 options labeled A–D.",Strong,EDU,intern,9,9,9,9,8,9,8.85,"Exam, paper, count, topic distribution, answer key, difficulty split, and format all fully specified.","Fully specified: exam, count, topic distribution, difficulty split, answer key, and format.",No year or PYQ pattern alignment mentioned.,"8,10,9,9,8,10","8,10,8,10,8,9","9,9,8,10,7,10",NO,auto_mean,approved,SL-127,validation
Strong,PELS-L3-EDU-128,"I am preparing for class 12 CBSE English board exam. Explain how to write a formal letter of complaint in 5 steps with an example. Include: correct format, common phrases for each section, what NOT to write, and a sample letter (150 words) about a defective product.",Strong,EDU,synthetic,9,9,9,9,8,8,8.75,"Class, board, topic, step count, example, phrases, negative instruction, and sample with word count all defined.","Class, board, steps, phrases, negative instruction, and sample with word limit all specified.",Minor gap: no examiner marking criteria mentioned.,"9,9,9,10,8,7","8,8,10,8,8,9","9,10,8,9,8,9",NO,auto_mean,approved,SL-128,validation
Strong,PELS-L3-EDU-129,"You are a chemistry tutor for class 11. Teach balancing chemical equations in 4 stages: (1) What balancing means, (2) Step-by-step method with rules, (3) 3 solved examples (easy/medium/hard), (4) 2 practice equations with hints but no solutions. Total response under 400 words.",Strong,EDU,intern,9,9,9,9,8,8,8.75,"Role, class, four-stage structure, difficulty gradient, solved examples, practice problems with hints, and word limit all defined.","Role, class, four-stage format, difficulty gradient, solved and practice problems, and word limit all specified.",No board; otherwise exemplary.,"9,8,10,9,9,8","8,8,8,8,8,7","10,9,8,10,8,9",NO,auto_mean,approved,SL-129,validation
Strong,PELS-L3-EDU-130,"Create a 2-week study schedule for IELTS Academic preparation (current level: 6.0, target: 7.5). Daily hours: 2. Distribute across: Reading 30%, Writing 30%, Listening 25%, Speaking 15%. Include specific practice tasks for each day and 1 full mock test in Week 2. Format as a weekly grid table.",Strong,EDU,synthetic,9,9,9,9,8,9,8.85,"Exam, current and target score, daily hours, skill distribution, daily tasks, mock test, and grid format all defined.","Exam, baseline, target, daily hours, skill split, tasks, mock test, and format all fully specified.",Near-perfect prompt.,"9,10,8,10,9,9","9,8,10,10,9,10","8,9,10,8,7,8",NO,auto_mean,approved,SL-130,test
Strong,PELS-L3-EDU-131,"Explain the Greenhouse Effect for a class 10 CBSE geography student. Structure: (1) Definition (50 words), (2) Step-by-step process with diagram description, (3) Human causes (at least 3), (4) Consequences (at least 3), (5) A 3-sentence conclusion. Total word limit: 350 words.",Strong,EDU,synthetic,9,9,9,9,8,8,8.75,"Grade, board, subject, five-part structure, word limits per section, and overall word limit all specified.","Grade, board, subject, five-part structure, section word counts, and total limit all defined.",No misconception section; otherwise excellent.,"8,8,9,8,8,9","10,9,9,10,7,9","8,8,9,9,9,9",NO,auto_mean,approved,SL-131,test
Strong,PELS-L3-EDU-132,"Design a comprehensive revision sheet for the chapter Electromagnetic Induction for class 12 JEE preparation. Include: key concepts, all formulae with variable definitions, 2 derivations (Faraday's Law and Lenz's Law), 5 solved MCQs with explanations, and common exam traps. Format as a printable reference sheet.",Strong,EDU,intern,9,9,9,9,8,9,8.85,"Chapter, class, exam, all formula elements, derivation list, MCQ count, exam traps, and printable format all specified.","Exam, chapter, formula elements, derivations, MCQs, exam traps, and format all defined.",Near-perfect; no obvious gaps.,"9,10,9,9,9,8","8,9,10,8,8,9","10,10,9,8,9,10",NO,auto_mean,approved,SL-132,test
Strong,PELS-L3-EDU-133,"I am a class 9 student who does not understand algebra word problems. Explain how to convert word problems into equations in 4 steps. Give 2 solved examples (one from age problems, one from distance problems). Then give me 3 practice problems with hints only. Keep language very simple.",Strong,EDU,synthetic,9,9,9,9,8,8,8.75,"Student profile, problem type, step count, example topics, problem types, hint-only format, and language constraint all defined.","Student profile, step structure, example topics, practice with hints, and language constraint all specified.",No board; otherwise comprehensive.,"10,8,8,9,9,7","8,10,8,9,7,7","9,10,8,9,9,8",NO,auto_mean,approved,SL-133,test
Strong,PELS-L3-EDU-134,"You are a CBSE class 12 accountancy teacher. Create a solved sample paper for the chapter Company Accounts (Shares and Debentures). Include: 2 objective questions (1 mark), 3 short answer (3 marks), 2 long answer (6 marks). Provide full working for all long-answer questions. Format exactly like a CBSE board paper.",Strong,EDU,intern,9,9,9,9,8,9,8.85,"Role, board, class, chapter, question format, marks per type, count, and board-format instruction all specified.","Role, board, class, chapter, format, marks, count, and board-style formatting all defined.",Near-perfect; no obvious gaps.,"8,9,8,10,9,9","8,10,9,10,9,8","10,10,8,10,9,8",NO,auto_mean,approved,SL-134,test
Strong,PELS-L3-EDU-135,"Explain Newton's Three Laws of Motion for a class 9 student who has just started physics. Use everyday Indian examples (auto-rickshaw, cricket ball, bullock cart). Each law: 50 words max. End with 3 conceptual questions (no numerical) that test understanding. Total output: 250 words.",Strong,EDU,synthetic,9,9,9,9,8,8,8.75,"Class, new-learner profile, culturally local examples, per-law word limit, question type constraint, and total word limit all defined.","Class, beginner profile, Indian examples, per-law word count, question type, and total word limit all specified.",No board; otherwise excellent.,"8,10,10,10,9,8","10,8,8,8,7,9","10,9,10,8,9,8",NO,auto_mean,approved,SL-135,test
Strong,PELS-L3-EDU-136,"Create a 5-day reading plan for a class 11 student to understand the chapter The Portrait of a Lady by Ruskin Bond. Include: Day 1 first reading and annotations, Day 2 themes and characters, Day 3 writing important questions with model answers, Day 4 practice essay response, Day 5 revision. Include 2 expected board questions per day.",Strong,EDU,synthetic,9,9,9,9,8,9,8.85,"Class, chapter, author, day-wise structure, activities per day, board question integration all specified.","Class, chapter, day-wise tasks, and board question embedding all defined.",No word count for essays or board name.,"10,10,8,9,9,10","9,10,9,9,7,10","9,9,9,8,9,8",NO,auto_mean,approved,SL-136,test
Strong,PELS-L3-EDU-137,"Act as a class 12 CBSE biology examiner. Write a 5-mark long-answer model response for the question: Explain the lac operon model in E. coli with a labelled diagram description. Include: mechanism in induced and non-induced states, role of repressor, and 3 key terms to underline for marks.",Strong,EDU,intern,9,9,9,9,8,8,8.75,"Role, board, class, subject, marks, question provided, both states, role of protein, and key term flagging all defined.","Role, board, class, marks, specific question, mechanism states, and key terms all specified.",No word count; otherwise comprehensive.,"8,9,9,9,8,7","9,10,8,9,9,8","10,9,9,8,8,9",NO,auto_mean,approved,SL-137,test
Strong,PELS-L3-EDU-138,"I am a class 10 student preparing for CBSE Science board exam. Create a formula sheet for the chapter Light Reflection and Refraction. Include: all 8 formulae with variable names, units, sign conventions, and 1 worked example for mirror formula and lens formula each. Format as a two-column cheat sheet.",Strong,EDU,synthetic,9,9,9,9,8,9,8.85,"Class, board, chapter, formula count, variable names, units, sign conventions, examples, and two-column format all specified.","Class, board, chapter, formula count, variable names, units, sign conventions, examples, and format all defined.",Near-perfect prompt.,"10,8,9,8,8,8","9,9,8,8,7,8","9,9,10,9,7,8",NO,auto_mean,approved,SL-138,test
Strong,PELS-L3-EDU-139,"Explain the concept of Mendelian Inheritance for a class 12 CBSE student. Use this format: (1) Mendel's Laws (each explained in 2 sentences), (2) Monohybrid cross with Punnett square description (F1 and F2 generations), (3) Dihybrid cross briefly, (4) Real-life application (blood groups). Keep under 400 words.",Strong,EDU,intern,9,9,9,9,8,8,8.75,"Class, board, four-part structure, each section scoped, Punnett square, real-life application, and word limit all specified.","Class, board, four-part structure, Punnett square, generations, application, and word limit all defined.",Minor gap: no mention of diagrams or self-check questions.,"9,10,10,9,7,7","9,10,9,9,8,8","8,8,9,10,8,7",NO,auto_mean,approved,SL-139,test
Strong,PELS-L3-EDU-140,"Design a mock test for class 11 JEE Chemistry (Physical Chemistry only). 30 questions: 10 Single Correct, 10 Multiple Correct, 10 Numerical Based. Include marking scheme (JEE Advanced pattern). Topics: Mole Concept, Equilibrium, Thermodynamics. Provide answer key and brief solution hints.",Strong,EDU,synthetic,9,9,9,9,8,9,8.85,"Class, exam, subject, chapter, count, question types, marking scheme (exam-specific), topic list, answer key, and hints all specified.","Near-perfect: class, exam, subject, topics, question types, marking scheme, key, and hints all defined.",No difficulty distribution mentioned.,"8,10,9,8,7,9","9,10,10,10,8,9","10,8,8,9,7,9",NO,auto_mean,approved,SL-140,test
Strong,PELS-L3-EDU-141,"You are an NCERT class 8 science teacher. Explain Force and Pressure using 3 everyday examples from an Indian household (chapati rolling, hand pump, pushing a door). Structure each example: what force is applied → result observed → concept illustrated. Total under 300 words. End with 1 short-answer question.",Strong,EDU,synthetic,9,9,9,9,8,8,8.75,"Role, textbook, class, 3 Indian examples, per-example structure, word limit, and end question all specified.","Role, textbook, class, culturally specific examples, structured format, word limit, and assessment question all defined.",No board; otherwise excellent.,"10,9,9,9,7,8","8,10,10,8,8,9","9,8,9,10,8,9",NO,auto_mean,approved,SL-141,test
Strong,PELS-L3-EDU-142,"Create a chapter-wise marks distribution analysis for class 12 CBSE mathematics based on the last 5 years of board papers. For each chapter list: chapter name, average marks allotted, question type (VSA/SA/LA), and your recommended time allocation. Output as a ranked table from most marks to least.",Strong,EDU,intern,9,9,9,9,8,9,8.85,"Board, class, subject, years of analysis, four data points per chapter, output format (ranked table) all fully specified.","Board, class, subject, years, data points, format, and ranking criterion all defined.",No mention of whether formulae should be included.,"9,10,10,10,7,8","8,9,9,9,9,9","8,8,10,10,8,10",NO,auto_mean,approved,SL-142,test
Strong,PELS-L3-EDU-143,I am a class 11 economics student confused about the difference between microeconomics and macroeconomics. Explain in 200 words using a comparison table (Basis / Microeconomics / Macroeconomics). Cover 5 points of difference. End with 2 exam-style 3-mark questions on this topic.,Strong,EDU,synthetic,9,9,9,9,8,8,8.75,"Class, subject, word count, table format, 5 comparison points, and 2 exam-style questions all specified.","Class, subject, word count, table structure, point count, and exam-style questions all defined.",No board specified.,"8,8,8,8,9,8","9,10,9,8,9,9","8,9,10,9,7,8",NO,auto_mean,approved,SL-143,test
Strong,PELS-L3-EDU-144,"Explain the structure and function of the human heart for a class 10 CBSE biology student. Use four sections: (1) Structure with chambers and valves, (2) Blood flow sequence, (3) Role of SA and AV node, (4) Common diseases and prevention. Under 350 words. Include 3 key terms to remember for exams.",Strong,EDU,intern,9,9,9,9,8,8,8.75,"Class, board, subject, four sections defined, word limit, key terms for exam all specified.","Class, board, subject, four-section structure, word limit, and exam key terms all defined.",No practice question or diagram description.,"10,10,9,10,8,9","10,10,9,10,9,8","9,8,9,9,9,7",NO,auto_mean,approved,SL-144,test
Strong,PELS-L3-EDU-145,"Act as a grade 5 math teacher. Teach long division with 4-digit numbers in 5 simple steps. After explaining each step, provide a worked example. Use simple vocabulary. End with 3 practice problems of increasing difficulty (easy/medium/hard) where you show only the first step as a hint.",Strong,EDU,synthetic,9,9,9,9,8,8,8.75,"Role, grade, topic, step count, worked example per step, vocabulary constraint, practice count, difficulty gradient, and hint type all defined.","Role, grade, steps, examples, vocabulary, practice count, difficulty gradient, and hint format all specified.",No board or country context.,"9,10,9,10,9,9","8,10,9,9,9,9","10,8,10,8,9,8",NO,auto_mean,approved,SL-145,test
Strong,PELS-L3-EDU-146,"Create a speaking practice guide for IELTS Speaking Part 2 (Describe a Person). Include: cue card format, 5 useful phrases, a sample 2-minute response (word count approximately 240 words), and 5 follow-up Part 3 questions with model answers. Level: targeting Band 7.5.",Strong,EDU,synthetic,9,9,9,9,8,9,8.85,"Exam, part, topic, format, phrase count, sample word count, follow-up question count, model answers, and target band all specified.","Exam, part, topic, format, phrase count, sample length, follow-up questions, model answers, and target band all defined.",Near-perfect prompt.,"8,10,10,10,9,9","8,10,8,8,9,10","8,8,8,9,8,9",NO,auto_mean,approved,SL-146,test
Strong,PELS-L3-EDU-147,"I have my class 10 CBSE board exam in 2 weeks. Design a subject-wise daily study schedule. Subjects: Science (prioritize), Maths, English, Social Science, Hindi. Available: 5 hours weekdays, 7 hours weekends. Include revision slots, mock test days (Sundays), and rest periods. Output: weekly table with time slots.",Strong,EDU,intern,9,9,9,9,8,9,8.85,"Class, board, timeframe, all subjects with priority, available hours by day type, test day, rest, and table format all specified.","Class, board, deadline, subjects with priority, hours by day, test schedule, rest, and table format all fully defined.",Near-perfect; no gaps.,"8,9,10,8,8,10","10,9,10,10,7,10","8,10,8,10,8,10",NO,auto_mean,approved,SL-147,test
Strong,PELS-L3-EDU-148,"Explain the derivation of the kinematic equation v = u + at for class 11 physics (JEE level). Step-by-step. After the derivation, show 2 numerical problems (medium difficulty) using this equation. For each problem show: given data, formula, substitution, and answer. Keep under 300 words.",Strong,EDU,synthetic,9,9,9,9,8,8,8.75,"Class, exam, specific equation, step-by-step derivation, problem count, difficulty, problem format (given/formula/substitution/answer), and word limit all specified.","Class, exam, equation, derivation, problem count, difficulty, format, and word limit all defined.",No board explicitly stated.,"9,10,9,9,7,8","10,9,10,9,9,9","10,10,10,9,9,8",NO,auto_mean,approved,SL-148,test
Strong,PELS-L3-EDU-149,"You are a class 12 English teacher. Write a detailed character sketch of the grandmother in the story The Portrait of a Lady (NCERT Flamingo). Include: physical description, personality traits (at least 4), relationship with the narrator, and thematic significance. Format: 4 labelled paragraphs. Word limit: 300 words.",Strong,EDU,intern,9,9,9,9,8,8,8.75,"Role, class, story, textbook, character, 4 traits, relationship, theme, labeled paragraph format, and word limit all specified.","Role, class, story, textbook, character elements, format, and word limit all defined.",Could request exam-style phrasing.,"8,8,9,10,8,7","9,9,10,8,9,9","9,9,9,9,9,9",NO,auto_mean,approved,SL-149,test
Strong,PELS-L3-EDU-150,"Create a complete answer for a 10-mark class 12 CBSE economics question: Explain the concept of National Income and the methods of measuring it (Output, Income, Expenditure methods). Include: formula for each method, limitations, and a 2-example illustration. Format like a model answer for board exam. 500 words max.",Strong,EDU,synthetic,9,9,9,9,8,9,8.85,"Board, class, marks, question provided, three methods, formula, limitations, examples, model-answer format, and word limit all specified.","Board, class, marks, question, three methods, formulae, limitations, examples, and word limit all fully defined.",Near-perfect prompt.,"9,9,8,10,9,10","9,9,9,8,8,8","9,10,8,9,8,10",NO,auto_mean,approved,SL-150,test
Strong,PELS-L3-EDU-151,"Design a 10-day preparation strategy for class 12 ISC Physics practical exam. Include: day-wise experiment list (minimum 5 experiments), what to revise each day, common viva questions per experiment (at least 3), and common errors to avoid. Format: table with Day / Experiment / Viva Questions / Common Errors.",Strong,EDU,synthetic,9,9,9,9,8,9,8.85,"Board (ISC), class, subject, duration, experiment count, viva count, error section, and table format all specified.","Board, class, subject, duration, experiment count, viva questions, errors, and table format all defined.",Near-perfect prompt.,"9,10,9,8,7,10","9,10,10,9,7,8","10,10,10,8,7,8",NO,auto_mean,approved,SL-151,test
